D2,D3,D4,D5,D6,BI1,BI2,BI3,BI4,BI5,PE1,PE2,PE3,PE4,PE5,PE6,SN1,SN2,SN3,SN4,SN5,SN6,SN7,A1,A2,A3,A4,A5,A6,A7,B1,B2,B3,B4,B5,Column
1998,Man,WO Master,Groningen,Stedelijk,Helemaal eens,Helemaal eens,Eens,Eens,Eens,Eens,Eens,Eens,Eens,Helemaal eens,Oneens,Oneens,Eens,Eens,Oneens,Oneens,Eens,Oneens,Helemaal Eens,Helemaal Eens,Neutraal,Eens,Eens,Eens,Eens,Eens,Oneens,Oneens,Oneens,Oneens,5
2003,Vrouw,HBO,Groningen,Stedelijk,Helemaal eens,Helemaal eens,Neutraal,Eens,Eens,Eens,Helemaal eens,Eens,Neutraal,Oneens,Eens,Eens,Eens,Eens,Eens,Neutraal,Eens,Neutraal,Helemaal Eens,Eens,Eens,Eens,Helemaal Eens,Helemaal Eens,Helemaal Eens,Helemaal Eens,Neutraal,Eens,Eens,Neutraal,5
2002,Vrouw,HBO,Smilde,Landelijk,Neutraal,Helemaal eens,Oneens,Eens,Eens,Eens,Helemaal oneens,Eens,Neutraal,Oneens,Eens,Helemaal eens,Helemaal eens,Eens,Eens,Oneens,Eens,Oneens,Eens,Neutraal,Helemaal Eens,Eens,Eens,Eens,Eens,Helemaal Eens,Neutraal,Eens,Neutraal,Eens,5
1999,Man,WO Master,Groningen,Stedelijk,Eens,Helemaal eens,Neutraal,Eens,Eens,Eens,Eens,Oneens,Eens,Eens,Neutraal,Oneens,Eens,Eens,Neutraal,Oneens,Eens,Eens,Eens,Eens,Helemaal Eens,Eens,Eens,Eens,Eens,Helemaal Eens,Eens,Eens,Eens,Eens,5
2003,Man,WO Bachelor,Assen,Stedelijk,Eens,Eens,Eens,Eens,Eens,Eens,Neutraal,Oneens,Eens,Oneens,Oneens,Neutraal,Eens,Eens,Neutraal,Neutraal,Eens,Oneens,Eens,Eens,Helemaal Eens,Eens,Neutraal,Eens,Eens,Eens,Neutraal,Eens,Eens,Eens,5
2003,Vrouw,HBO,Assen,Stedelijk,Eens,Eens,Neutraal,Eens,Eens,Helemaal eens,Eens,Eens,Eens,Oneens,Helemaal eens,Helemaal oneens,Helemaal eens,Eens,Eens,Oneens,Helemaal eens,Neutraal,Helemaal Eens,Neutraal,Neutraal,Helemaal Eens,Helemaal Eens,Oneens,Eens,Eens,Eens,Helemaal Eens,Neutraal,Neutraal,5
1998,Man,HBO,Utrecht,Stedelijk,Oneens,Oneens,Oneens,Oneens,Oneens,Eens,Eens,Oneens,Eens,Oneens,Eens,Eens,Eens,Eens,Eens,Eens,Eens,Eens,Eens,Eens,Eens,Oneens,Eens,Oneens,Eens,Eens,Eens,Eens,Eens,Oneens,5
1999,Man,WO Master,Utrecht,Stedelijk,Eens,Helemaal eens,Helemaal eens,Oneens,Eens,Eens,Oneens,Eens,Eens,Eens,Oneens,Eens,Eens,Eens,Eens,Eens,Eens,Oneens,Eens,Eens,Helemaal Eens,Oneens,Eens,Eens,Eens,Helemaal Eens,Oneens,Eens,Eens,Oneens,5
1998,Man,HBO,Assen,Stedelijk,Helemaal oneens,Helemaal oneens,Helemaal oneens,Helemaal oneens,Helemaal oneens,Helemaal eens,Helemaal oneens,Neutraal,Helemaal eens,Helemaal oneens,Helemaal eens,Oneens,Neutraal,Oneens,Oneens,Oneens,Neutraal,Oneens,Helemaal Eens,Helemaal Eens,Helemaal Eens,Helemaal Eens,Helemaal Eens,Helemaal Eens,Helemaal Eens,Helemaal Eens,Helemaal Eens,Helemaal Eens,Helemaal Eens,Helemaal Eens,5
2003,Vrouw,WO Bachelor,Groningen,Stedelijk,Eens,Oneens,Oneens,Oneens,Helemaal oneens,Neutraal,Eens,Oneens,Eens,Eens,Neutraal,Neutraal,Helemaal eens,Eens,,Eens,Eens,Oneens,Oneens,Eens,Eens,Eens,Eens,Helemaal Eens,Eens,Helemaal Eens,Eens,Oneens,Eens,Eens,5
1997,Vrouw,WO Master,Kerkdriel,Landelijk,Eens,Helemaal eens,Helemaal eens,Oneens,Oneens,,,,,,,,,,,,,,,,,,,,,,,,,,5
2003,Vrouw,WO Bachelor,,Stedelijk,Oneens,Helemaal oneens,Helemaal oneens,Helemaal oneens,Eens,Eens,Oneens,Eens,Oneens,Eens,Oneens,Eens,Eens,Eens,Eens,Eens,Neutraal,Neutraal,Eens,Oneens,Oneens,Neutraal,Eens,Oneens,Neutraal,Eens,Neutraal,Eens,Neutraal,Neutraal,5
2005,Vrouw,,Assen,Stedelijk,Eens,Eens,Eens,Eens,Helemaal oneens,,,,,,,,,,,,,,,,,,,,,,,,,,5
2003,Vrouw,HBO,Assen,Stedelijk,Eens,Oneens,Oneens,Neutraal,Eens,Neutraal,Eens,Helemaal oneens,Helemaal eens,Helemaal oneens,Helemaal eens,Oneens,Neutraal,Neutraal,Neutraal,Oneens,Oneens,Oneens,Helemaal Eens,Eens,Oneens,Neutraal,Eens,Neutraal,Neutraal,Neutraal,Eens,Helemaal Eens,Neutraal,Neutraal,5
2003,Vrouw,WO Bachelor,Assen,Stedelijk,Oneens,Eens,Helemaal oneens,Oneens,Eens,Eens,Eens,Oneens,Eens,Eens,Neutraal,Oneens,Eens,Eens,Oneens,Oneens,Oneens,Oneens,Eens,Eens,Eens,Oneens,Eens,Eens,Eens,Eens,Neutraal,Eens,Eens,Eens,5
1997,Vrouw,WO Master,Den Bosch,Stedelijk,Oneens,Eens,Oneens,Oneens,Oneens,Neutraal,Neutraal,Eens,Eens,Eens,Eens,Eens,Neutraal,Neutraal,Neutraal,Neutraal,Neutraal,Neutraal,Eens,Eens,Neutraal,Eens,Neutraal,Neutraal,Eens,Oneens,Helemaal oneens,Oneens,Oneens,Oneens,5
1998,Vrouw,WO Bachelor,Den Haag,Stedelijk,Neutraal,Eens,Eens,Eens,Eens,Eens,Eens,Eens,Eens,Eens,Eens,Neutraal,Helemaal eens,Eens,Oneens,Neutraal,Neutraal,Neutraal,Eens,Eens,Eens,Neutraal,Eens,Eens,Eens,Eens,Neutraal,Eens,Oneens,Eens,5
1998,Vrouw,WO Master,Den Bosch,Stedelijk,Neutraal,Helemaal eens,Oneens,Eens,Eens,Eens,Eens,Eens,Eens,Eens,Eens,Eens,Helemaal eens,Helemaal eens,Eens,Eens,Eens,Eens,Helemaal Eens,Helemaal Eens,Helemaal Eens,Oneens,Helemaal Eens,Eens,Helemaal Eens,Eens,Eens,Eens,Eens,Neutraal,5
1997,Man,WO Master,Den Bosch,Stedelijk,Oneens,Oneens,Oneens,Oneens,Oneens,Helemaal eens,Oneens,Oneens,Eens,Eens,Eens,Oneens,Eens,Neutraal,Neutraal,Neutraal,Neutraal,Neutraal,Helemaal Eens,Helemaal Eens,Helemaal Eens,Oneens,Eens,Eens,Eens,Eens,Eens,Helemaal Eens,Eens,Helemaal Eens,5
2007,Man,HBO,Zwolle,Stedelijk,Eens,Helemaal eens,Eens,Eens,Helemaal eens,Oneens,Neutraal,Helemaal eens,Neutraal,Neutraal,Eens,Eens,Helemaal eens,Helemaal eens,Oneens,Oneens,Helemaal oneens,Helemaal oneens,Helemaal Eens,Helemaal Eens,Helemaal Eens,Helemaal Eens,Neutraal,Helemaal Eens,Helemaal Eens,Oneens,Helemaal oneens,Oneens,Oneens,Oneens,5
2001,Vrouw,WO Bachelor,,Stedelijk,Helemaal eens,Helemaal eens,Eens,Helemaal eens,Helemaal eens,Eens,Helemaal eens,Helemaal oneens,Helemaal eens,Eens,Eens,Oneens,Eens,Helemaal eens,Oneens,Oneens,Neutraal,Eens,Eens,Helemaal Eens,Helemaal Eens,Eens,Helemaal Eens,Helemaal Eens,Helemaal Eens,Oneens,Helemaal Eens,Helemaal Eens,Eens,Eens,5
2002,Man,HBO,Groningen,Stedelijk,Oneens,Eens,Oneens,Oneens,Oneens,Neutraal,Neutraal,Neutraal,Neutraal,Eens,Oneens,Eens,Neutraal,Eens,Oneens,Oneens,Oneens,Oneens,Eens,Oneens,Oneens,Eens,Neutraal,Neutraal,Oneens,Eens,Oneens,Oneens,Oneens,Oneens,5
2002,Man,WO Bachelor,Groningen,Stedelijk,Helemaal eens,Helemaal eens,Eens,Oneens,Eens,Eens,Oneens,Oneens,Helemaal eens,Eens,Eens,Neutraal,Eens,Eens,Eens,Neutraal,Eens,Neutraal,Eens,Eens,Eens,Helemaal Eens,Eens,Eens,Eens,Eens,Eens,Eens,Eens,Eens,5
2002,Vrouw,HBO,Jubbega,Landelijk,Neutraal,Eens,Neutraal,Eens,Neutraal,Eens,Neutraal,Eens,Neutraal,Neutraal,Neutraal,Oneens,Eens,Neutraal,Eens,Neutraal,Oneens,Oneens,Eens,Neutraal,Neutraal,Oneens,Eens,Eens,Neutraal,Eens,Neutraal,Eens,Neutraal,Eens,5
2002,Man,,Boijl,Landelijk,Neutraal,Helemaal eens,Oneens,Neutraal,Oneens,Eens,Neutraal,Neutraal,Eens,Oneens,Eens,Eens,Eens,Eens,Neutraal,Eens,Neutraal,Neutraal,Neutraal,Eens,Eens,Eens,Neutraal,Neutraal,Eens,Eens,Neutraal,Oneens,Eens,Neutraal,5
2003,Vrouw,WO Bachelor,,Landelijk,Oneens,Eens,Oneens,Neutraal,Oneens,Neutraal,Eens,Oneens,Eens,Neutraal,Neutraal,Oneens,Helemaal oneens,Oneens,Helemaal oneens,Helemaal oneens,Oneens,Oneens,Eens,Neutraal,Neutraal,Eens,Neutraal,Eens,Eens,Oneens,Eens,Helemaal Eens,Neutraal,Neutraal,5
1979,Man,HBO,Groningen,Landelijk,Neutraal,Eens,Oneens,Eens,Oneens,Eens,Eens,Neutraal,Neutraal,Neutraal,Neutraal,Eens,Eens,Eens,Eens,Eens,Neutraal,Neutraal,Helemaal Eens,Eens,Neutraal,Eens,Eens,Eens,Neutraal,Neutraal,Neutraal,Eens,Neutraal,Eens,5
1997,Vrouw,WO Master,Den Bosch,Landelijk,Oneens,Neutraal,Neutraal,Neutraal,Neutraal,Eens,Neutraal,Eens,Neutraal,Eens,Neutraal,Neutraal,Neutraal,Neutraal,Neutraal,Neutraal,Neutraal,Neutraal,Eens,Eens,Eens,Eens,Neutraal,Neutraal,Neutraal,Neutraal,Neutraal,Neutraal,Neutraal,Neutraal,5
2002,Man,HBO,Kollum,"Anders, namelijk",Neutraal,Eens,Neutraal,Eens,Eens,Helemaal eens,Eens,Eens,Eens,Neutraal,Eens,Eens,Eens,Neutraal,Eens,Neutraal,Eens,Neutraal,Eens,Eens,Eens,Neutraal,Eens,Eens,Eens,Eens,Neutraal,Eens,Eens,Eens,5
1999,Man,WO Master,Zwolle,Stedelijk,Neutraal,Eens,Oneens,Neutraal,Eens,Eens,Neutraal,Oneens,Eens,Eens,Neutraal,Neutraal,Eens,Eens,Oneens,Oneens,Eens,Eens,Eens,Eens,Eens,Eens,Neutraal,Neutraal,Eens,Eens,Oneens,Eens,Neutraal,Oneens,5
2003,Man,HBO,Arnhem,Stedelijk,Neutraal,Helemaal eens,Oneens,Neutraal,Helemaal eens,Neutraal,Oneens,Helemaal oneens,Helemaal eens,Oneens,Eens,Oneens,Eens,Eens,Eens,Neutraal,Eens,Oneens,Helemaal Eens,Neutraal,Oneens,Helemaal Eens,Eens,Eens,Neutraal,Helemaal Eens,Eens,Eens,Neutraal,Eens,5
2002,Vrouw,HBO,Appelscha,Landelijk,Neutraal,Eens,Neutraal,Neutraal,Eens,,,,,,,,,,,,,,,,,,,,,,,,,,5
2002,Vrouw,HBO,Assen,Stedelijk,Eens,Helemaal eens,Oneens,Oneens,Oneens,Eens,Eens,Oneens,Neutraal,Eens,Eens,Eens,Eens,Neutraal,Oneens,Oneens,Oneens,Oneens,Eens,Helemaal eens,Oneens,Oneens,Oneens,Eens,Eens,Oneens,Neutraal,Eens,Eens,Eens,5
1998,Vrouw,WO Master,Den Bosch,Stedelijk,Neutraal,Eens,Neutraal,Neutraal,Neutraal,Eens,Neutraal,Neutraal,Neutraal,Eens,Eens,Neutraal,Neutraal,Neutraal,Neutraal,Neutraal,Neutraal,Neutraal,Eens,Eens,Neutraal,Eens,Eens,Eens,Eens,Neutraal,Neutraal,Eens,Neutraal,Eens,5
1996,Vrouw,WO Master,,Landelijk,Neutraal,Oneens,Oneens,Neutraal,Neutraal,Helemaal eens,Oneens,Neutraal,Neutraal,Helemaal eens,Neutraal,Oneens,Helemaal eens,Helemaal eens,Oneens,Helemaal oneens,Neutraal,Neutraal,Eens,Eens,Neutraal,Oneens,Eens,Eens,Eens,Neutraal,Neutraal,Eens,Neutraal,Eens,5
2002,Man,HBO,Buitenpost,"Anders, namelijk",Helemaal oneens,Helemaal eens,Neutraal,Neutraal,Neutraal,Eens,Oneens,Eens,Oneens,Oneens,Eens,Oneens,Oneens,Eens,Oneens,Oneens,Eens,Oneens,Eens,Eens,Neutraal,Eens,Eens,Eens,Oneens,Oneens,Oneens,Eens,Oneens,Oneens,5
2004,Vrouw,HBO,Stedelijk,Stedelijk,Eens,Eens,Eens,Eens,Oneens,Oneens,Oneens,Eens,Helemaal Eens,Neutraal,Eens,Eens,Eens,Eens,Oneens,Oneens,Oneens,Eens,Eens,Eens,Eens,Oneens,Oneens,Oneens,Eens,Helemaal Eens,Neutraal,Eens,Eens,Eens,5
2003,Man,WO Master,Groningen,Stedelijk,Eens,Helemaal eens,Neutraal,Eens,Eens,Neutraal,Eens,Eens,Eens,Neutraal,Neutraal,Oneens,Eens,Eens,Oneens,Neutraal,Oneens,Oneens,Neutraal,Eens,Eens,Eens,Neutraal,Neutraal,Oneens,Eens,Oneens,Helemaal Eens,Eens,Neutraal,5
2003,Vrouw,HBO,Enschede,Stedelijk,Helemaal oneens,Helemaal eens,Helemaal oneens,Helemaal oneens,Eens,Helemaal Eens,Eens,Oneens,Eens,Eens,Oneens,Helemaal Eens,Eens,Oneens,Eens,Eens,Oneens,Helemaal Eens,Eens,Oneens,Eens,Eens,Oneens,Helemaal Eens,Eens,Oneens,Eens,Eens,Oneens,Helemaal Eens,5
2002,,HBO,,,Eens,Eens,Oneens,Oneens,Oneens,Neutraal,Eens,Eens,Oneens,Oneens,Eens,Neutraal,Eens,Eens,Oneens,Oneens,Oneens,Neutraal,Neutraal,Eens,Eens,Oneens,Oneens,Oneens,Neutraal,Eens,Eens,Oneens,Oneens,Eens,5
2003,Man,WO Master,Groningen,Stedelijk,Helemaal oneens,Helemaal eens,Helemaal oneens,Helemaal oneens,Helemaal oneens,Eens,Eens,Eens,Eens,Oneens,Oneens,Eens,Neutraal,Eens,Helemaal oneens,Oneens,Oneens,Oneens,Helemaal oneens,Eens,Eens,Eens,Eens,Oneens,Oneens,Eens,Oneens,Oneens,Eens,Oneens,5
1997,Vrouw,WO Bachelor,Groningen,Stedelijk,Neutraal,Oneens,Oneens,Oneens,Oneens,Eens,Eens,Eens,Helemaal Eens,Oneens,Oneens,Oneens,Eens,Eens,Eens,Oneens,Eens,Eens,Oneens,Eens,Eens,Eens,Helemaal Eens,Oneens,Oneens,Eens,Oneens,Oneens,Eens,Oneens,5
1999,Vrouw,HBO,Groningen,Stedelijk,Oneens,Neutraal,Eens,Eens,Helemaal eens,Eens,Helemaal Eens,Helemaal Eens,Eens,Neutraal,Helemaal Eens,Helemaal eens,Eens,Helemaal Eens,Helemaal eens,Eens,Helemaal Eens,Helemaal Eens,Helemaal eens,Eens,Helemaal Eens,Helemaal Eens,Eens,Neutraal,Helemaal Eens,Helemaal eens,Eens,Helemaal Eens,Helemaal Eens,Helemaal eens,5
1998,,HBO,Groningen,Stedelijk,Eens,Helemaal eens,Neutraal,Eens,Eens,,,,,,,,,,,,,,,,,,,,,,,,,,5
1998,,WO Master,Groningen,Stedelijk,Helemaal oneens,Helemaal eens,Helemaal oneens,Helemaal oneens,Eens,Neutraal,Helemaal Eens,Neutraal,Neutraal,Neutraal,Neutraal,Neutraal,Neutraal,Eens,Neutraal,Oneens,Neutraal,Oneens,Neutraal,Neutraal,Helemaal Eens,Neutraal,Neutraal,Neutraal,Neutraal,Helemaal Eens,Neutraal,Neutraal,Neutraal,Neutraal,5
1998,Man,HBO,Amsterdam,Stedelijk,Oneens,Helemaal eens,Oneens,Oneens,Oneens,Neutraal,Oneens,Neutraal,Eens,Neutraal,Eens,Oneens,Helemaal eens,Oneens,Oneens,Oneens,Neutraal,Oneens,Neutraal,Eens,Neutraal,Eens,Oneens,Helemaal eens,Oneens,Oneens,Oneens,Neutraal,Oneens,Neutraal,5
1997,,,,,,,,,,,,,,,,Oneens,Eens,Eens,Eens,Neutraal,Eens,Eens,,,,,,,,Eens,Oneens,Eens,Eens,Eens,5
1997,Vrouw,WO Bachelor,Barcelona,Stedelijk,Oneens,Helemaal eens,Neutraal,Eens,Eens,Eens,Eens,Eens,Oneens,Eens,Eens,Oneens,Helemaal eens,Helemaal eens,Helemaal eens,Helemaal eens,Oneens,Oneens,Helemaal eens,Neutraal,Eens,Eens,Eens,Eens,Eens,Helemaal Eens,Helemaal oneens,Eens,Eens,Oneens,5
2007,Man,WO Bachelor,Utrecht,Stedelijk,Eens,Helemaal eens,Neutraal,Helemaal eens,Eens,Helemaal Eens,Helemaal Eens,Helemaal Eens,Eens,Eens,Eens,Helemaal oneens,Helemaal eens,Eens,Eens,Eens,Neutraal,Neutraal,Helemaal eens,Eens,Helemaal Eens,Helemaal Eens,Helemaal Eens,Eens,Eens,Helemaal Eens,Helemaal Eens,Helemaal Eens,Helemaal Eens,Helemaal Eens,5
1999,Vrouw,WO Master,Assen,Stedelijk,Helemaal eens,Helemaal eens,Helemaal eens,Helemaal eens,Helemaal eens,Helemaal Eens,Helemaal Eens,Helemaal Eens,Helemaal oneens,Helemaal Eens,Helemaal Eens,Oneens,Eens,Eens,Oneens,Oneens,Oneens,Oneens,Helemaal eens,Helemaal eens,Helemaal Eens,Helemaal Eens,Helemaal Eens,Helemaal oneens,Helemaal Eens,Neutraal,Oneens,Oneens,Oneens,Oneens,5
2003,Vrouw,WO Bachelor,Groningen,Stedelijk,Oneens,Helemaal eens,Neutraal,Oneens,Oneens,Eens,Oneens,Eens,Eens,Oneens,Neutraal,Oneens,Eens,Neutraal,Oneens,Oneens,Oneens,Oneens,Oneens,Oneens,Eens,Oneens,Eens,Eens,Oneens,Helemaal Eens,Oneens,Eens,Neutraal,Oneens,5
2001,Vrouw,HBO,Haulerwijk,Landelijk,Oneens,Helemaal eens,Oneens,Neutraal,Oneens,Eens,Eens,Neutraal,Oneens,Neutraal,Eens,Neutraal,Eens,Eens,Oneens,Oneens,Oneens,Oneens,Neutraal,Oneens,Eens,Eens,Neutraal,Oneens,Neutraal,Helemaal Eens,Helemaal oneens,Oneens,Oneens,Oneens,5
2003,Man,HBO,Groningen,Stedelijk,Eens,Helemaal eens,Neutraal,Eens,Eens,Helemaal Eens,Eens,Helemaal Eens,Helemaal oneens,Eens,Eens,Eens,Neutraal,Eens,Oneens,Neutraal,Neutraal,Neutraal,Eens,Eens,Helemaal Eens,Eens,Helemaal Eens,Helemaal oneens,Eens,Eens,Neutraal,Eens,Neutraal,Oneens,5
2003,Vrouw,WO Bachelor,Groningen,Stedelijk,Oneens,Eens,Neutraal,Oneens,Oneens,Eens,Oneens,Neutraal,Eens,Neutraal,Oneens,Oneens,Eens,Neutraal,Eens,Oneens,Oneens,Oneens,Oneens,Oneens,Eens,Oneens,Neutraal,Eens,Neutraal,Oneens,Oneens,Eens,Oneens,Oneens,5
2002,Vrouw,WO Bachelor,Spanbroek,Landelijk,Eens,Helemaal eens,Eens,Eens,Helemaal eens,Eens,Eens,Eens,Oneens,Neutraal,Helemaal Eens,Eens,Eens,Eens,Neutraal,Oneens,Neutraal,Oneens,Eens,Helemaal eens,Eens,Eens,Eens,Oneens,Neutraal,Eens,Neutraal,Oneens,Neutraal,Oneens,5
1998,Vrouw,WO Bachelor,Groningen,Stedelijk,Eens,Neutraal,Oneens,Eens,Neutraal,Eens,Eens,Neutraal,Eens,Eens,Eens,Oneens,Helemaal eens,Eens,Oneens,Helemaal oneens,Eens,Oneens,Eens,Neutraal,Eens,Eens,Neutraal,Eens,Eens,Eens,Oneens,Eens,Neutraal,Neutraal,5
2002,Man,WO Master,Groningen,Stedelijk,Eens,Helemaal eens,Oneens,Eens,Eens,Eens,Eens,Eens,Eens,Eens,Eens,Eens,Eens,Eens,Eens,Eens,Eens,Neutraal,Eens,Eens,Eens,Eens,Eens,Eens,Eens,Helemaal Eens,Eens,Eens,Eens,Eens,5
2002,Man,HBO,Doetinchem,Stedelijk,Eens,Helemaal eens,Neutraal,Neutraal,Neutraal,Eens,Eens,Eens,Eens,Helemaal Eens,Helemaal Eens,Oneens,Eens,Neutraal,Eens,Neutraal,Eens,Neutraal,Neutraal,Neutraal,Eens,Eens,Eens,Eens,Helemaal Eens,Oneens,Oneens,Oneens,Neutraal,Neutraal,5
2002,Man,WO Bachelor,Amsterdam,Stedelijk,Helemaal oneens,Helemaal eens,Helemaal oneens,Eens,Neutraal,Eens,Eens,Eens,Eens,Eens,Eens,Oneens,Eens,Eens,Oneens,Oneens,Neutraal,Eens,Eens,Neutraal,Eens,Eens,Eens,Eens,Eens,Eens,Eens,Eens,Eens,Eens,5
2003,Man,WO Bachelor,Huis ter Heide,Landelijk,Oneens,Helemaal eens,Helemaal oneens,Neutraal,Oneens,Eens,Eens,Eens,Eens,Eens,Neutraal,Eens,Eens,Eens,Eens,Oneens,Eens,Helemaal oneens,Neutraal,Oneens,Eens,Eens,Eens,Eens,Eens,Oneens,Neutraal,Neutraal,Neutraal,Oneens,5
2003,Vrouw,WO Master,Leiden,Stedelijk,Neutraal,Helemaal eens,Neutraal,Oneens,Neutraal,Helemaal Eens,Eens,Helemaal Eens,Eens,Eens,Eens,Oneens,Eens,Oneens,Oneens,Oneens,Neutraal,Neutraal,Oneens,Neutraal,Helemaal Eens,Eens,Helemaal Eens,Eens,Eens,Helemaal Eens,Eens,Eens,Eens,Eens,5
1979,Vrouw,WO Master,Makkinga,Landelijk,Oneens,Eens,Oneens,Oneens,Oneens,Eens,Oneens,Eens,Oneens,Eens,Eens,Eens,Helemaal eens,Eens,Eens,Oneens,Eens,Oneens,Oneens,Oneens,Eens,Oneens,Eens,Oneens,Eens,Helemaal Eens,Neutraal,Oneens,Neutraal,Neutraal,5
2002,Vrouw,WO Master,Smilde,Stedelijk,Eens,Helemaal eens,Eens,Eens,Eens,Eens,Oneens,Eens,Eens,Eens,Eens,Eens,Eens,Oneens,Oneens,Oneens,Oneens,Oneens,Eens,Eens,Eens,Oneens,Eens,Eens,Eens,Oneens,Oneens,Eens,Eens,Oneens,5
2003,Vrouw,HBO,Utrecht,Stedelijk,Helemaal eens,Helemaal eens,Eens,Helemaal eens,Eens,Helemaal Eens,Helemaal Eens,Eens,Eens,Eens,Eens,Oneens,Eens,Eens,Neutraal,Oneens,Neutraal,Neutraal,Helemaal eens,Eens,Helemaal Eens,Helemaal Eens,Eens,Eens,Eens,Oneens,Neutraal,Helemaal oneens,Oneens,Oneens,5
1997,Vrouw,WO Master,Groningen,Stedelijk,Neutraal,Helemaal eens,Neutraal,Eens,Eens,Eens,Neutraal,Helemaal Eens,Neutraal,Eens,Helemaal Eens,Oneens,Eens,Eens,Neutraal,Neutraal,Eens,Oneens,Eens,Eens,Eens,Neutraal,Helemaal Eens,Neutraal,Eens,Eens,Eens,Eens,Eens,Eens,5
2002,Man,HBO,Utrecht,Stedelijk,Oneens,Eens,Oneens,Eens,Neutraal,Eens,Oneens,Eens,Oneens,Eens,Eens,Helemaal oneens,Eens,Eens,Neutraal,Eens,Neutraal,Oneens,Eens,Neutraal,Eens,Oneens,Eens,Oneens,Eens,Eens,Helemaal Eens,Helemaal Eens,Neutraal,Eens,5
2002,Vrouw,WO Bachelor,Assen,Stedelijk,Eens,Eens,Helemaal oneens,Neutraal,Neutraal,Eens,Oneens,Helemaal oneens,Neutraal,Eens,Neutraal,Oneens,Eens,Eens,Eens,Neutraal,Eens,Neutraal,Neutraal,Neutraal,Eens,Oneens,Helemaal oneens,Neutraal,Eens,Helemaal Eens,Eens,Eens,Neutraal,Neutraal,5
2001,Vrouw,WO Bachelor,Jubbega,Landelijk,Eens,Eens,Oneens,Neutraal,Neutraal,Eens,Neutraal,Eens,Neutraal,Eens,Eens,Helemaal oneens,Neutraal,Oneens,Oneens,Neutraal,Oneens,Helemaal oneens,Neutraal,Neutraal,Eens,Neutraal,Eens,Neutraal,Eens,Helemaal Eens,Helemaal Eens,Helemaal Eens,Helemaal Eens,Helemaal Eens,5
2002,Man,HBO,"Växjö, Zweden",Stedelijk,Helemaal oneens,Neutraal,Helemaal oneens,Helemaal eens,Helemaal eens,Helemaal Eens,Helemaal Eens,Helemaal Eens,Neutraal,Helemaal Eens,Helemaal Eens,Oneens,Neutraal,Neutraal,Neutraal,Neutraal,Neutraal,Neutraal,Helemaal eens,Helemaal eens,Helemaal Eens,Helemaal Eens,Helemaal Eens,Neutraal,Helemaal Eens,Neutraal,Eens,Eens,Eens,Eens,5
2002,Man,HBO,Den Haag,Stedelijk,Eens,Neutraal,Eens,Oneens,Eens,Neutraal,Helemaal Eens,Helemaal Eens,Eens,Helemaal Eens,Neutraal,Eens,Eens,Eens,Neutraal,Eens,Neutraal,Oneens,Oneens,Eens,Neutraal,Helemaal Eens,Helemaal Eens,Eens,Helemaal Eens,Eens,Eens,Eens,Eens,Neutraal,5
2003,Man,WO Bachelor,Buitenpost,Landelijk,Eens,Helemaal eens,Oneens,Neutraal,Eens,Eens,Neutraal,Eens,Eens,Eens,Neutraal,Helemaal oneens,Oneens,Oneens,Oneens,Oneens,Oneens,Oneens,Neutraal,Eens,Eens,Neutraal,Eens,Eens,Eens,Oneens,Oneens,Eens,Oneens,Neutraal,5
2002,Man,WO Bachelor,Jubbeg,"Anders, namelijk",Oneens,Helemaal eens,Oneens,Neutraal,Eens,Eens,Oneens,Eens,Helemaal Eens,Neutraal,Oneens,Eens,Eens,Helemaal eens,Neutraal,Oneens,Neutraal,Oneens,Neutraal,Eens,Eens,Oneens,Eens,Helemaal Eens,Neutraal,Helemaal Eens,Oneens,Eens,Neutraal,Neutraal,5
2003,Man,HBO,Groningen,Stedelijk,Oneens,Helemaal eens,Eens,Oneens,Oneens,Eens,Eens,Oneens,Eens,Eens,Eens,Neutraal,Eens,Neutraal,Eens,Oneens,Eens,Oneens,Oneens,Oneens,Eens,Eens,Oneens,Eens,Eens,Oneens,Oneens,Oneens,Oneens,Oneens,5
1999,Vrouw,WO Bachelor,Friesland,Landelijk,Eens,Helemaal eens,Oneens,Neutraal,Oneens,Eens,Oneens,Eens,Eens,Oneens,Eens,,,,,,,,Neutraal,Oneens,Eens,Oneens,Eens,Eens,Oneens,,,,,,5
2001,Vrouw,HBO,Wijnjewoude,Landelijk,Eens,Helemaal eens,Oneens,Neutraal,Oneens,Helemaal Eens,,,,,,Oneens,Eens,Helemaal eens,Oneens,Oneens,Oneens,Oneens,Neutraal,Oneens,Helemaal Eens,,,,,Helemaal Eens,Oneens,Eens,Eens,Eens,5
2003,Vrouw,WO Bachelor,Groningen,Stedelijk,Helemaal oneens,Helemaal eens,Helemaal oneens,Neutraal,Neutraal,Helemaal Eens,Helemaal oneens,Eens,Eens,Eens,Neutraal,Oneens,Helemaal eens,Eens,Helemaal eens,Oneens,Eens,Eens,Neutraal,Neutraal,Helemaal Eens,Helemaal oneens,Eens,Eens,Eens,Helemaal Eens,Eens,Eens,Eens,Helemaal Eens,5
2002,Vrouw,HBO,Groningen,Stedelijk,Oneens,Helemaal eens,Neutraal,Eens,Eens,Eens,Helemaal Eens,Helemaal Eens,Eens,Helemaal Eens,Helemaal Eens,Eens,Oneens,Oneens,Neutraal,Oneens,Oneens,Oneens,Eens,Eens,Helemaal Eens,Helemaal Eens,Eens,Helemaal Eens,Helemaal Eens,Neutraal,Oneens,Eens,Oneens,,5
2004,Vrouw,HBO,Assen,Stedelijk,Oneens,Helemaal eens,Oneens,Oneens,Oneens,Eens,Eens,Eens,Eens,Oneens,Eens,Oneens,Eens,Neutraal,Oneens,Oneens,Oneens,Helemaal oneens,Oneens,Eens,Eens,Eens,Eens,Oneens,Eens,Helemaal oneens,Helemaal oneens,Eens,Neutraal,Oneens,5
2004,Vrouw,HBO,Ravenswoud,Landelijk,Eens,Helemaal eens,Neutraal,Eens,Eens,Eens,Eens,Eens,Eens,Neutraal,Eens,Oneens,Eens,Eens,Eens,Oneens,Oneens,Oneens,Eens,Eens,Eens,Eens,Eens,Neutraal,Eens,Oneens,Oneens,Eens,Eens,Oneens,5
2002,Vrouw,WO Master,Heerenveen,Stedelijk,Neutraal,Eens,Neutraal,Oneens,Oneens,Eens,Eens,Eens,Eens,Eens,Eens,Eens,Eens,Eens,Oneens,Eens,Oneens,Oneens,Oneens,Eens,Eens,Eens,Eens,Eens,Eens,Helemaal Eens,Oneens,Helemaal Eens,Neutraal,Neutraal,5
2002,Vrouw,WO Bachelor,Groningen,Stedelijk,Oneens,Helemaal eens,Oneens,Oneens,Oneens,Helemaal oneens,Eens,Eens,Eens,Eens,Neutraal,Oneens,Helemaal oneens,Helemaal oneens,Oneens,Neutraal,Neutraal,Oneens,Oneens,Helemaal oneens,Eens,Eens,Eens,Eens,Neutraal,Helemaal Eens,Oneens,Helemaal oneens,Helemaal oneens,,5
2000,Vrouw,HBO,Haarlem,Stedelijk,Eens,Helemaal eens,Oneens,Eens,Oneens,Eens,Eens,Eens,Helemaal Eens,Oneens,Eens,Oneens,Eens,Oneens,Eens,Oneens,Oneens,Helemaal oneens,Eens,Eens,Eens,Helemaal Eens,Oneens,Eens,Oneens,Helemaal Eens,Helemaal Eens,Helemaal Eens,Oneens,Helemaal Eens,5
2001,Vrouw,WO Bachelor,Den Bosch,Stedelijk,Eens,Eens,Oneens,Helemaal eens,Helemaal eens,Helemaal Eens,Helemaal Eens,Helemaal Eens,Oneens,Helemaal Eens,Helemaal Eens,Oneens,Eens,Eens,Neutraal,Neutraal,Neutraal,Neutraal,Helemaal Eens,Helemaal Eens,Oneens,Eens,Eens,Neutraal,Neutraal,Eens,Oneens,Eens,Neutraal,Oneens,5
1998,Vrouw,WO Bachelor,Jubbega,Landelijk,Oneens,Helemaal eens,Oneens,Neutraal,Oneens,Eens,Oneens,Eens,Eens,Neutraal,Oneens,Neutraal,Eens,Oneens,Eens,Oneens,Eens,Oneens,Neutraal,Oneens,Neutraal,Eens,Oneens,Eens,Oneens,Eens,Oneens,Eens,Neutraal,Neutraal,5
2004,Man,WO Bachelor,Groningen,Stedelijk,Oneens,Helemaal eens,Oneens,Oneens,Neutraal,Eens,Neutraal,Eens,Neutraal,Eens,Neutraal,Helemaal eens,Oneens,Oneens,Neutraal,Eens,Neutraal,Eens,Neutraal,Eens,Neutraal,Helemaal eens,Oneens,Oneens,Neutraal,Eens,Neutraal,Eens,Neutraal,Eens,5
1998,Man,WO Master,Groningen,Stedelijk,Eens,Eens,Eens,Eens,Eens,Enigszins oneens,Enigszins eens,Eens,Enigszins oneens,Oneens,Enigszins eens,Enigszins oneens,Eens,Eens,Enigszins eens,Eens,Eens,Eens,Eens,Eens,Oneens,Oneens,Enigszins oneens,Enigszins oneens,Eens,Eens,Enigszins oneens,Eens,Eens,Enigszins eens,7
2003,Vrouw,HBO,Groningen,Stedelijk,Enigszins eens,Helemaal eens,Eens,Eens,Enigszins eens,Enigszins oneens,Helemaal eens,Enigszins eens,Eens,Eens,Eens,Enigszins eens,Helemaal eens,Helemaal eens,Eens,Helemaal eens,Helemaal eens,Helemaal eens,,Helemaal eens,Enigszins eens,Eens,Eens,Helemaal eens,Eens,Helemaal eens,Eens,Enigszins oneens,Enigszins oneens,Helemaal eens,7
2002,Vrouw,HBO,Smilde,Landelijk,Neutraal,Eens,Enigszins oneens,Eens,Enigszins eens,Enigszins eens,Helemaal eens,Eens,Eens,Oneens,Eens,Oneens,Eens,Neutraal,Helemaal eens,Eens,Eens,Enigszins eens,Eens,Eens,Neutraal,Eens,Neutraal,Enigszins eens,Eens,Oneens,Helemaal eens,Enigszins eens,Enigszins oneens,Eens,7
1999,Man,WO Master,Groningen,Stedelijk,Enigszins eens,Eens,Neutraal,Enigszins eens,Enigszins eens,Enigszins oneens,Enigszins eens,Enigszins eens,Neutraal,Enigszins oneens,Enigszins eens,Enigszins eens,Eens,Eens,Helemaal eens,Eens,Eens,Eens,Eens,Helemaal eens,Eens,Eens,Helemaal eens,Eens,Eens,Helemaal eens,Enigszins oneens,Enigszins eens,Eens,Enigszins eens,7
2003,Man,WO Bachelor,Assen,Stedelijk,Eens,Helemaal eens,Enigszins eens,Eens,Eens,Enigszins eens,Eens,Eens,Neutraal,Neutraal,Eens,Neutraal,Eens,Eens,Eens,Eens,Enigszins eens,Neutraal,Eens,Enigszins oneens,Enigszins oneens,Enigszins eens,Oneens,Eens,Eens,Eens,Oneens,Eens,Enigszins oneens,Enigszins oneens,7
2003,Vrouw,HBO,Assen,Stedelijk,Eens,Helemaal eens,Oneens,Enigszins eens,Enigszins oneens,Helemaal oneens,Eens,Eens,Enigszins oneens,Helemaal oneens,Enigszins eens,Oneens,Helemaal eens,Enigszins oneens,Neutraal,Eens,Eens,Enigszins oneens,Enigszins oneens,Helemaal eens,Helemaal eens,Eens,Neutraal,Enigszins eens,Helemaal eens,Enigszins eens,Enigszins oneens,Eens,,Helemaal eens,7
1998,Man,HBO,Utrecht,Stedelijk,Oneens,Enigszins eens,Oneens,Oneens,Oneens,Enigszins oneens,Eens,Eens,Eens,Eens,Neutraal,Neutraal,Helemaal eens,Eens,Eens,Enigszins eens,Enigszins eens,Oneens,Enigszins eens,Eens,Enigszins eens,Eens,Enigszins eens,Oneens,Eens,Oneens,Oneens,Eens,Oneens,Eens,7
1999,Man,WO Master,Utrecht,Stedelijk,Eens,Helemaal eens,Enigszins eens,Enigszins oneens,Enigszins eens,Oneens,Eens,Eens,Eens,Eens,Eens,Enigszins eens,Eens,Eens,Helemaal eens,Enigszins eens,Helemaal eens,Eens,Eens,Helemaal eens,Enigszins oneens,Enigszins eens,Enigszins eens,Eens,Enigszins eens,Oneens,Enigszins eens,Oneens,Oneens,Eens,7
1998,Man,HBO,Assen,Stedelijk,Helemaal oneens,Helemaal oneens,Helemaal oneens,Helemaal oneens,Helemaal oneens,Helemaal oneens,Enigszins eens,Enigszins eens,Neutraal,Neutraal,Enigszins oneens,Enigszins oneens,Helemaal eens,Helemaal eens,Helemaal eens,Oneens,Helemaal eens,Helemaal eens,Helemaal oneens,Helemaal eens,Helemaal eens,Helemaal eens,Helemaal eens,Helemaal eens,Helemaal eens,Helemaal oneens,Helemaal oneens,Helemaal eens,Helemaal oneens,Helemaal eens,7
1997,Vrouw,WO Master,Kerkdriel,Landelijk,Enigszins oneens,Enigszins eens,Oneens,Enigszins eens,Helemaal eens,Helemaal eens,Enigszins oneens,Enigszins oneens,Enigszins eens,Neutraal,Enigszins eens,Enigszins eens,Helemaal eens,Helemaal eens,Helemaal eens,Enigszins eens,Enigszins eens,Enigszins eens,Helemaal eens,Enigszins eens,Enigszins eens,Enigszins oneens,Enigszins oneens,Helemaal oneens,Enigszins oneens,Eens,Eens,Oneens,Helemaal eens,Helemaal oneens,7
2005,Vrouw,,Assen,Stedelijk,Enigszins oneens,Eens,Oneens,Enigszins eens,Enigszins eens,Oneens,Eens,Enigszins eens,Neutraal,Enigszins oneens,Enigszins oneens,Enigszins oneens,Helemaal eens,Eens,Eens,Enigszins eens,Helemaal eens,Helemaal eens,Eens,Helemaal eens,Enigszins eens,Helemaal eens,Enigszins eens,Eens,Eens,Enigszins eens,Oneens,Eens,Oneens,Eens,7
2002,Man,WO Bachelor,Delft,Stedelijk,Enigszins eens,Helemaal eens,Oneens,Enigszins eens,Eens,Enigszins eens,Eens,Enigszins eens,Enigszins eens,Oneens,Enigszins eens,Oneens,Helemaal eens,Eens,Helemaal eens,Enigszins oneens,Eens,Eens,Helemaal eens,Oneens,Enigszins eens,Enigszins eens,Enigszins oneens,Oneens,Eens,Enigszins eens,Helemaal eens,Enigszins oneens,Enigszins oneens,Oneens,7
2003,Vrouw,WO Bachelor,Groningen,Stedelijk,Oneens,Helemaal eens,Oneens,Oneens,Oneens,Enigszins oneens,Helemaal eens,Eens,Enigszins eens,Neutraal,Enigszins eens,Enigszins oneens,Enigszins eens,Enigszins eens,Helemaal eens,Helemaal eens,Helemaal eens,Enigszins eens,Oneens,Helemaal eens,Enigszins eens,Helemaal eens,Eens,Eens,Helemaal eens,Oneens,Oneens,Helemaal eens,Enigszins eens,Eens,7
1999,Man,HBO,Arnhem,Stedelijk,Oneens,Eens,Enigszins oneens,Neutraal,Enigszins oneens,Enigszins eens,Neutraal,Neutraal,Oneens,Helemaal oneens,Oneens,Helemaal oneens,Enigszins eens,Enigszins oneens,Eens,Helemaal eens,Enigszins eens,Enigszins oneens,Neutraal,Neutraal,Oneens,Neutraal,Oneens,Oneens,Neutraal,Enigszins eens,Neutraal,Neutraal,Enigszins eens,Enigszins oneens,7
1998,Man,WO Bachelor,,Stedelijk,Helemaal eens,Eens,Oneens,Eens,Helemaal eens,Neutraal,Eens,Enigszins eens,Eens,Enigszins eens,Neutraal,Oneens,Helemaal eens,Helemaal eens,Eens,Helemaal oneens,Eens,Eens,Eens,Eens,Eens,Eens,Eens,Eens,Eens,Oneens,Neutraal,Eens,Enigszins eens,Eens,7
1997,Vrouw,WO Master,De granatenghetto genaamd Kerkdriel,Landelijk,Eens,Eens,Eens,Enigszins eens,Eens,Enigszins oneens,Eens,Neutraal,Neutraal,Enigszins eens,Eens,Enigszins eens,Eens,Eens,Eens,Neutraal,Eens,Eens,Helemaal eens,Eens,Enigszins eens,Neutraal,Neutraal,Neutraal,Eens,Neutraal,Enigszins oneens,Eens,Enigszins oneens,Eens,7
1999,Vrouw,WO Master,Den Bosch,Stedelijk,Neutraal,Enigszins eens,Enigszins eens,Neutraal,Neutraal,Neutraal,Enigszins eens,Neutraal,Neutraal,Neutraal,Neutraal,Neutraal,Eens,Eens,Enigszins eens,Enigszins eens,Enigszins eens,Enigszins eens,Enigszins eens,Enigszins eens,Neutraal,Enigszins eens,Enigszins eens,Enigszins eens,Neutraal,Neutraal,Neutraal,Neutraal,Enigszins eens,Neutraal,7
2003,Vrouw,HBO,,Landelijk,Oneens,Eens,Helemaal oneens,Neutraal,Neutraal,Oneens,Enigszins eens,Enigszins eens,Enigszins oneens,Neutraal,Oneens,Oneens,Eens,Eens,Neutraal,Eens,Enigszins eens,Enigszins eens,Enigszins eens,Oneens,Eens,Helemaal eens,Oneens,Oneens,Eens,Eens,Oneens,Eens,Oneens,Eens,7
2003,Vrouw,WO Bachelor,Oosterwolde,Landelijk,Enigszins eens,Helemaal eens,Enigszins eens,Eens,Eens,Enigszins eens,Helemaal eens,Helemaal eens,Enigszins eens,Enigszins oneens,Enigszins eens,Oneens,Helemaal eens,Helemaal eens,Eens,Eens,Eens,Eens,Eens,Enigszins oneens,Enigszins eens,Neutraal,Neutraal,Enigszins oneens,Helemaal eens,Eens,Eens,Neutraal,Enigszins eens,Neutraal,7
2003,Vrouw,HBO,Akkrum,Landelijk,Oneens,Eens,Helemaal oneens,Oneens,Oneens,Enigszins eens,Neutraal,Eens,Neutraal,Enigszins oneens,Enigszins eens,Enigszins eens,Eens,Enigszins oneens,Eens,Eens,Eens,Enigszins eens,Enigszins oneens,Helemaal eens,Enigszins eens,Eens,Neutraal,Neutraal,Enigszins oneens,Helemaal oneens,Helemaal oneens,Helemaal eens,Oneens,Eens,7
1998,Vrouw,WO Bachelor,Den Bosch,Landelijk,Enigszins oneens,Enigszins oneens,Oneens,Neutraal,Neutraal,Neutraal,Helemaal eens,Eens,Enigszins oneens,Oneens,Neutraal,Neutraal,Eens,Eens,Enigszins eens,Eens,Enigszins eens,Enigszins eens,Enigszins eens,Neutraal,Neutraal,Enigszins eens,Neutraal,Neutraal,Enigszins eens,Enigszins oneens,Neutraal,Neutraal,Enigszins eens,Enigszins eens,7
2003,Vrouw,HBO,Haulerwijk,Landelijk,Enigszins eens,Helemaal eens,Oneens,Enigszins eens,Neutraal,Oneens,Enigszins eens,Enigszins eens,Oneens,Neutraal,Enigszins oneens,Enigszins oneens,Eens,Helemaal eens,Enigszins eens,Enigszins eens,Helemaal eens,Eens,Neutraal,Enigszins oneens,Enigszins oneens,Eens,Neutraal,Neutraal,Eens,Eens,Enigszins oneens,Eens,Oneens,Eens,7
2002,Man,,,Stedelijk,Enigszins eens,Eens,Oneens,Oneens,Enigszins eens,Enigszins eens,Eens,Neutraal,Neutraal,Neutraal,Enigszins eens,Neutraal,Eens,Oneens,Helemaal eens,Enigszins oneens,Eens,Neutraal,Eens,Oneens,Oneens,Oneens,Oneens,Oneens,Eens,Eens,Eens,Oneens,Helemaal eens,Oneens,7
2003,Vrouw,HBO,Makkinga,Landelijk,Oneens,Enigszins eens,Oneens,Enigszins oneens,Enigszins oneens,Enigszins oneens,Eens,Enigszins oneens,Enigszins eens,Oneens,Enigszins eens,Oneens,Helemaal eens,Enigszins oneens,Enigszins eens,Helemaal oneens,Eens,Eens,Enigszins oneens,Helemaal eens,Eens,Eens,Eens,Eens,Enigszins eens,Neutraal,Eens,Enigszins eens,Eens,Enigszins oneens,7
2002,Man,WO Bachelor,Bûtenpost,Landelijk,Enigszins eens,Eens,Neutraal,Enigszins eens,Enigszins eens,Enigszins eens,Neutraal,Enigszins eens,Neutraal,Neutraal,Neutraal,Neutraal,Eens,Neutraal,Eens,Eens,Enigszins eens,Enigszins eens,Enigszins eens,Eens,Eens,Eens,Eens,Enigszins eens,Enigszins eens,Eens,Neutraal,Eens,Neutraal,Enigszins eens,7
2001,Man,HBO,Buitenpost,Landelijk,Enigszins eens,Eens,Neutraal,Neutraal,Eens,Enigszins eens,Eens,Eens,Neutraal,Neutraal,Neutraal,Neutraal,Neutraal,Eens,Neutraal,Eens,Enigszins eens,Enigszins eens,Enigszins eens,Neutraal,Neutraal,Eens,Neutraal,Neutraal,Neutraal,Neutraal,Neutraal,Neutraal,Neutraal,Neutraal,7
2000,Man,WO Bachelor,,Landelijk,Neutraal,Enigszins eens,Eens,Enigszins eens,Neutraal,Enigszins eens,Neutraal,Eens,Enigszins oneens,Enigszins oneens,Enigszins oneens,Enigszins oneens,Enigszins eens,Neutraal,Enigszins eens,Neutraal,Enigszins eens,Enigszins eens,Enigszins eens,Eens,Enigszins eens,Eens,Neutraal,Eens,Enigszins eens,Enigszins eens,Neutraal,Neutraal,Neutraal,Neutraal,7
1997,Vrouw,WO Master,Den Haag,Stedelijk,Enigszins oneens,Enigszins eens,Enigszins oneens,Enigszins oneens,Enigszins oneens,Neutraal,Enigszins eens,Enigszins eens,Neutraal,Neutraal,Neutraal,Neutraal,Enigszins eens,Enigszins eens,Neutraal,Enigszins eens,Neutraal,Neutraal,Enigszins eens,Neutraal,Neutraal,Enigszins oneens,Neutraal,Oneens,Enigszins oneens,Neutraal,Neutraal,Neutraal,Eens,Oneens,7
1998,Man,HBO,,Landelijk,Enigszins oneens,Eens,Helemaal oneens,Helemaal oneens,Helemaal oneens,Eens,Helemaal eens,Eens,Oneens,Oneens,Neutraal,Neutraal,Enigszins eens,Enigszins eens,Neutraal,Eens,Neutraal,Neutraal,Neutraal,Neutraal,Neutraal,Enigszins oneens,Neutraal,Oneens,Neutraal,Neutraal,Neutraal,Neutraal,Eens,Enigszins oneens,7
2003,Man,WO Bachelor,Donkerbroek city,Donkerbroek city,Enigszins oneens,Helemaal eens,Oneens,Helemaal oneens,Enigszins eens,Enigszins eens,Eens,Enigszins oneens,Helemaal oneens,Helemaal oneens,Enigszins oneens,Helemaal oneens,Helemaal eens,Enigszins eens,Enigszins eens,Enigszins oneens,Enigszins eens,Eens,Eens,Eens,Oneens,Enigszins eens,Enigszins oneens,Oneens,Eens,Oneens,Enigszins eens,Enigszins eens,Eens,Neutraal,7
1998,"Anders, namelijk",WO Master,Amsterdam,Amsterdam,Oneens,Helemaal eens,Neutraal,Enigszins eens,Enigszins eens,Eens,Helemaal eens,Eens,Enigszins oneens,Helemaal oneens,Enigszins eens,Enigszins eens,Helemaal eens,Enigszins eens,Eens,Eens,Eens,Eens,Eens,Enigszins eens,Enigszins eens,Enigszins eens,Enigszins eens,Eens,Eens,Eens,Eens,Eens,Enigszins oneens,Eens,7
1998,"Anders, namelijk",HBO,Geldrop,Geldrop,Enigszins eens,Helemaal eens,Neutraal,Eens,Enigszins eens,Enigszins eens,Enigszins eens,Enigszins eens,Enigszins eens,Enigszins eens,Enigszins eens,Enigszins eens,Eens,Helemaal eens,Helemaal eens,Eens,Eens,Eens,Eens,Eens,Eens,Eens,Eens,Enigszins eens,Eens,Eens,Enigszins eens,Eens,Eens,Helemaal eens,7
2003,Man,WO Bachelor,Deurze,Deurze,Enigszins eens,Helemaal eens,Oneens,Enigszins eens,Enigszins oneens,Enigszins eens,Enigszins eens,Enigszins oneens,Enigszins oneens,Oneens,Enigszins eens,Oneens,Eens,Neutraal,Eens,Eens,Eens,Eens,Eens,Neutraal,Enigszins oneens,Eens,Neutraal,Enigszins eens,Enigszins eens,Eens,Helemaal eens,Enigszins oneens,Eens,Neutraal,7
2002,Vrouw,WO Bachelor,,,Enigszins eens,Enigszins eens,Neutraal,Eens,Eens,Enigszins eens,Eens,Enigszins eens,Eens,Enigszins eens,Neutraal,Enigszins oneens,Enigszins oneens,Enigszins oneens,Enigszins eens,Helemaal eens,Eens,Eens,Helemaal eens,Enigszins eens,Enigszins eens,Eens,Enigszins eens,Enigszins eens,Enigszins eens,Neutraal,Enigszins eens,Eens,Enigszins eens,Enigszins eens,7
2003,Vrouw,HBO,Jubbega,Jubbega,Oneens,Helemaal eens,Neutraal,Neutraal,Oneens,Enigszins oneens,Enigszins eens,Neutraal,Enigszins eens,Neutraal,Neutraal,Enigszins oneens,Helemaal eens,Neutraal,Neutraal,Enigszins eens,Enigszins eens,Enigszins eens,Enigszins oneens,Eens,Eens,Eens,Neutraal,Eens,Eens,Oneens,Oneens,Eens,Neutraal,Neutraal,7
2003,Vrouw,WO Bachelor,Oudehorne,Oudehorne,Enigszins eens,Helemaal eens,Oneens,Enigszins eens,Eens,Neutraal,Eens,Eens,Enigszins eens,Enigszins oneens,Oneens,Oneens,Helemaal eens,Eens,Enigszins oneens,Enigszins eens,Enigszins eens,Enigszins eens,Eens,Eens,Enigszins eens,Eens,Eens,Enigszins eens,Eens,Oneens,Oneens,Eens,Enigszins eens,Enigszins oneens,7
2004,Man,WO Bachelor,,,Enigszins oneens,Helemaal eens,Neutraal,Enigszins oneens,Neutraal,Eens,Enigszins eens,Enigszins oneens,Enigszins eens,Oneens,Enigszins eens,Oneens,Eens,Helemaal eens,Eens,Neutraal,Enigszins oneens,Neutraal,Helemaal eens,Eens,Enigszins oneens,Oneens,Enigszins oneens,Neutraal,Helemaal eens,Eens,Enigszins eens,Neutraal,Helemaal oneens,Eens,7
2001,Vrouw,HBO,Heerenveen,Heerenveen,Enigszins eens,Helemaal eens,Enigszins oneens,Enigszins eens,Enigszins eens,Enigszins eens,Helemaal eens,Eens,Enigszins eens,Enigszins eens,Neutraal,Enigszins oneens,Helemaal eens,Enigszins eens,Eens,Enigszins eens,Eens,Helemaal eens,Helemaal eens,Enigszins eens,Enigszins eens,Enigszins oneens,Enigszins oneens,Enigszins oneens,Eens,Enigszins eens,Enigszins eens,Enigszins eens,Eens,Enigszins eens,7
1999,Man,WO Master,Amsterdam,Amsterdam,Eens,Helemaal eens,Eens,Eens,Eens,Neutraal,Eens,Eens,Eens,Oneens,Eens,Oneens,Eens,Eens,Helemaal eens,Eens,Eens,Helemaal eens,Helemaal eens,Eens,Neutraal,Enigszins eens,Eens,Eens,Eens,Enigszins oneens,Oneens,Eens,Enigszins eens,Eens,7
2002,Man,HBO,Beilen,Beilen,Neutraal,Helemaal eens,Neutraal,Helemaal eens,Helemaal eens,Oneens,Eens,Oneens,Oneens,Oneens,Oneens,Oneens,Helemaal eens,Helemaal eens,Eens,Oneens,Helemaal eens,Helemaal eens,Helemaal eens,Eens,Eens,Helemaal eens,Helemaal eens,Helemaal eens,Helemaal eens,Helemaal oneens,Oneens,Helemaal eens,Oneens,Helemaal eens,7
2003,Vrouw,HBO,Terschelling en Zwolle,Terschelling en Zwolle,Enigszins eens,Eens,Neutraal,Enigszins eens,Enigszins eens,Enigszins oneens,Eens,Oneens,Eens,Oneens,Eens,Enigszins oneens,Eens,Enigszins eens,Eens,Eens,Enigszins eens,Eens,Neutraal,Eens,Neutraal,Enigszins eens,Neutraal,Enigszins eens,Enigszins oneens,Helemaal oneens,Enigszins eens,Enigszins oneens,Enigszins eens,Neutraal,7
1997,Man,WO Master,Amsterdam,Amsterdam,Neutraal,Helemaal eens,Oneens,Neutraal,Helemaal oneens,Helemaal eens,Helemaal oneens,Helemaal oneens,Enigszins eens,Oneens,Enigszins eens,Oneens,Helemaal eens,Helemaal eens,Enigszins oneens,Helemaal eens,Neutraal,Eens,Enigszins eens,Helemaal oneens,Enigszins eens,Enigszins eens,Neutraal,Enigszins oneens,Helemaal eens,Helemaal eens,Helemaal eens,Helemaal oneens,Helemaal eens,Helemaal oneens,7
2003,Vrouw,HBO,Groningen,Groningen,Enigszins oneens,Helemaal eens,Oneens,Neutraal,Enigszins oneens,Oneens,Enigszins eens,Enigszins oneens,Oneens,Oneens,Oneens,Oneens,Enigszins eens,Eens,Helemaal eens,Enigszins oneens,Eens,Helemaal eens,Enigszins eens,Helemaal eens,Enigszins eens,Enigszins eens,Neutraal,Enigszins eens,Enigszins oneens,Enigszins eens,Eens,Enigszins oneens,Eens,Enigszins oneens,7
2003,Vrouw,HBO,Bovensmilde,Bovensmilde,Enigszins eens,Eens,Oneens,Neutraal,Eens,Enigszins eens,Enigszins eens,Neutraal,Neutraal,Neutraal,Enigszins eens,Oneens,Eens,Enigszins oneens,Enigszins eens,Eens,Neutraal,Neutraal,Eens,Eens,Neutraal,Neutraal,Neutraal,Neutraal,Eens,Oneens,Eens,Enigszins oneens,Oneens,Eens,7
2003,Man,HBO,Assen,Assen,Enigszins eens,Enigszins eens,Neutraal,Enigszins eens,Enigszins eens,Oneens,Eens,Enigszins oneens,Enigszins eens,Enigszins oneens,Enigszins eens,Oneens,Helemaal eens,Helemaal eens,Helemaal eens,Oneens,Eens,Eens,Eens,Eens,Enigszins eens,Helemaal eens,Eens,Eens,Enigszins eens,Neutraal,Eens,Eens,Eens,Eens,7
2003,Man,WO Bachelor,Assen,Assen,Helemaal eens,Helemaal eens,Enigszins eens,Eens,Eens,Enigszins eens,Eens,Eens,Neutraal,Neutraal,Enigszins eens,Enigszins eens,Eens,Eens,Enigszins eens,Helemaal eens,Enigszins eens,Eens,Eens,Enigszins oneens,Enigszins oneens,Enigszins eens,Neutraal,Neutraal,Helemaal eens,Enigszins eens,Oneens,Eens,Eens,Eens,7
2002,Man,WO Bachelor,,,Oneens,Eens,Helemaal oneens,Helemaal oneens,Neutraal,Enigszins oneens,Eens,Enigszins eens,Oneens,Helemaal oneens,Oneens,Helemaal oneens,Neutraal,Eens,Oneens,Eens,Neutraal,Enigszins oneens,Enigszins eens,Eens,Enigszins oneens,Oneens,Enigszins oneens,Oneens,Enigszins eens,Eens,Enigszins eens,Enigszins eens,Eens,Enigszins oneens,7
1997,Man,HBO,Arnhem,Arnhem,Enigszins eens,Helemaal eens,Oneens,Eens,Eens,Enigszins eens,Enigszins oneens,Oneens,Enigszins oneens,Oneens,Neutraal,Neutraal,Helemaal eens,Eens,Helemaal eens,Oneens,Helemaal eens,Helemaal eens,Helemaal eens,Enigszins eens,Enigszins eens,Eens,Enigszins oneens,Enigszins oneens,Eens,Helemaal oneens,Enigszins eens,Eens,Helemaal oneens,Helemaal eens,7
1999,Zeg ik liever niet,HBO,Leeuwarden,Leeuwarden,Enigszins eens,Helemaal eens,Oneens,Neutraal,Enigszins eens,Enigszins oneens,Enigszins eens,Oneens,Oneens,Enigszins oneens,Enigszins oneens,Enigszins oneens,Neutraal,Enigszins eens,Helemaal eens,Enigszins eens,Enigszins eens,Enigszins eens,Helemaal eens,Enigszins eens,Enigszins oneens,Helemaal oneens,Enigszins oneens,Oneens,Eens,Eens,Eens,Oneens,Enigszins oneens,Enigszins eens,7
2001,Man,HBO,Veldhoven,Veldhoven,Oneens,Eens,Oneens,Oneens,Oneens,Eens,Eens,Eens,Oneens,Oneens,Eens,Enigszins eens,Eens,Eens,Eens,Eens,Enigszins eens,Enigszins eens,Neutraal,Eens,Eens,Eens,Enigszins oneens,Enigszins oneens,Eens,Oneens,Oneens,Eens,Helemaal oneens,Helemaal eens,7
2003,Vrouw,WO Bachelor,Assen,Assen,Oneens,Helemaal eens,Oneens,Enigszins oneens,Oneens,Eens,Eens,Eens,Enigszins oneens,Oneens,Enigszins oneens,Oneens,Eens,Enigszins oneens,Helemaal oneens,Enigszins oneens,Enigszins eens,Neutraal,Neutraal,Helemaal eens,Helemaal oneens,Eens,Enigszins oneens,Enigszins eens,Eens,Eens,Enigszins oneens,Eens,Helemaal eens,Oneens,7
2003,Man,WO Bachelor,Hengelo,Hengelo,Neutraal,Helemaal eens,Oneens,Enigszins eens,Neutraal,Eens,Helemaal eens,Eens,Oneens,Oneens,Enigszins oneens,Enigszins oneens,Helemaal eens,Helemaal eens,Enigszins eens,Enigszins eens,Enigszins eens,Helemaal eens,Helemaal eens,Eens,Enigszins oneens,Eens,Enigszins oneens,Enigszins eens,Enigszins eens,Enigszins eens,Enigszins eens,Eens,Neutraal,Enigszins eens,7
2003,Vrouw,WO Bachelor,,,Oneens,Helemaal eens,Enigszins oneens,Neutraal,Neutraal,Enigszins eens,Eens,Neutraal,Enigszins eens,Oneens,Enigszins eens,Oneens,Helemaal eens,Helemaal eens,Eens,Enigszins eens,Eens,Eens,Enigszins eens,Helemaal eens,Enigszins eens,Eens,Enigszins eens,Enigszins eens,Eens,Neutraal,Oneens,Eens,Neutraal,Neutraal,7
2000,Vrouw,WO Bachelor,Groningen,Groningen,Neutraal,Helemaal eens,Neutraal,Enigszins eens,Enigszins eens,Eens,Helemaal eens,Enigszins eens,Enigszins eens,Enigszins eens,Enigszins oneens,Enigszins oneens,Helemaal eens,Enigszins oneens,Helemaal eens,Enigszins eens,Eens,Eens,Enigszins eens,Eens,Enigszins oneens,Helemaal eens,Enigszins oneens,Eens,Eens,Enigszins oneens,Oneens,Helemaal eens,Enigszins eens,Eens,7
2000,Man,WO Master,Jubbega,Jubbega,Enigszins eens,Enigszins eens,Oneens,Oneens,Oneens,Enigszins oneens,Neutraal,Eens,Enigszins eens,Oneens,Neutraal,Neutraal,Oneens,Enigszins oneens,Oneens,Oneens,Helemaal oneens,Enigszins eens,Eens,Helemaal oneens,Helemaal oneens,Enigszins eens,Helemaal oneens,Eens,Enigszins eens,Enigszins eens,Enigszins oneens,Oneens,Eens,Enigszins eens,7
1998,Man,WO Bachelor,Zwolle,Zwolle,Enigszins eens,Helemaal eens,Enigszins oneens,Helemaal eens,Helemaal eens,Oneens,Enigszins eens,Enigszins eens,Eens,Enigszins eens,Enigszins oneens,Oneens,Helemaal eens,Helemaal eens,Eens,Oneens,Helemaal eens,Eens,Eens,Eens,Eens,Eens,Eens,Eens,Eens,Oneens,Oneens,Helemaal eens,Neutraal,Eens,7
2003,Vrouw,HBO,,,Enigszins eens,Enigszins oneens,Neutraal,Enigszins eens,Enigszins eens,Neutraal,Enigszins eens,Enigszins eens,Neutraal,Enigszins oneens,Neutraal,Neutraal,Eens,Eens,Eens,Enigszins oneens,Eens,Eens,Eens,Enigszins eens,Neutraal,Eens,Eens,Eens,Eens,Enigszins oneens,Oneens,Eens,Oneens,Eens,7
2003,Man,WO Bachelor,Enschede,Enschede,Enigszins oneens,Helemaal eens,Oneens,Enigszins eens,Enigszins eens,Eens,Eens,Enigszins eens,Enigszins eens,Enigszins oneens,Enigszins eens,Oneens,Helemaal eens,Eens,Helemaal eens,Helemaal eens,Eens,Eens,Enigszins oneens,Oneens,Enigszins eens,Eens,Enigszins oneens,Enigszins oneens,Eens,Enigszins eens,Eens,Eens,Eens,Enigszins oneens,7
2003,Vrouw,HBO,,,Helemaal oneens,Helemaal eens,Helemaal oneens,Neutraal,Neutraal,Oneens,Enigszins eens,Enigszins eens,Enigszins eens,Enigszins eens,Enigszins eens,Enigszins eens,Eens,Enigszins eens,Eens,Helemaal eens,Enigszins eens,Neutraal,Neutraal,Helemaal eens,Eens,Eens,Eens,Enigszins eens,Eens,Neutraal,Enigszins eens,Eens,Eens,Neutraal,7
2001,Vrouw,WO Bachelor,Heerenveen,Heerenveen,Eens,Helemaal eens,Enigszins eens,Eens,Eens,Neutraal,Enigszins oneens,Enigszins oneens,Eens,Enigszins eens,Enigszins eens,Enigszins oneens,Neutraal,Oneens,Enigszins eens,Eens,Neutraal,Enigszins oneens,Enigszins eens,Helemaal eens,Enigszins eens,Enigszins eens,Neutraal,Neutraal,Eens,Neutraal,Enigszins oneens,Enigszins eens,Enigszins eens,Enigszins eens,7
1998,Man,WO Master,Amsterdam,Amsterdam,Helemaal eens,Helemaal eens,Eens,Helemaal eens,Eens,Eens,Eens,Enigszins eens,Neutraal,Enigszins eens,Enigszins eens,Enigszins eens,Enigszins eens,Eens,Eens,Helemaal eens,Eens,Enigszins oneens,Eens,Eens,Oneens,Enigszins eens,Enigszins oneens,Neutraal,Eens,Helemaal oneens,Helemaal oneens,Helemaal eens,Enigszins oneens,Enigszins eens,7
